Central Government Market Watch,06.94 GS 2036,11/05/2036,5.00,7.2730,97.7200,97.7300,7.2716,10.00,97.7200,7.2730,5.00,24735.00
Central Government Market Watch,07.06 GS 2041,27/07/2041,5.00,7.4839,96.2300,96.2600,7.4804,5.00,96.2300,7.4839,5.00,3365.00
Central Government Market Watch,06.36 GS 2031,16/02/2031,5.00,6.9863,97.6725,97.6900,6.9815,5.00,97.6900,6.9815,20.00,1000.00
Central Government Market Watch,06.10 GS 2031,12/07/2031,25.00,7.0378,96.2500,96.3600,7.0095,5.00,96.2500,7.0378,25.00,580.00
Central Government Market Watch,GOI FRB 2028,04/10/2028,25.00,6.1965,100.6300,100.6500,6.1857,25.00,100.6500,6.1857,250.00,505.00
Central Government Market Watch,06.90 GS 2065,15/04/2065,5.00,7.7832,89.2500,89.3400,7.7750,15.00,89.3000,7.7786,15.00,375.00
Central Government Market Watch,07.26 GS 2032,22/08/2032,5.00,7.1833,100.3500,100.6500,7.1200,10.00,100.5800,7.1347,40.00,300.00
Central Government Market Watch,06.68 GS 2040,07/07/2040,60.00,7.3926,93.9000,93.9900,7.3816,5.00,93.9500,7.3865,5.00,230.00
Central Government Market Watch,06.54 GS 2032,17/01/2032,10.00,7.1207,97.4700,97.6025,7.0897,5.00,97.6000,7.0903,5.00,205.00
Central Government Market Watch,06.48 GS 2035,06/10/2035,5.00,7.2542,94.9500,95.0400,7.2400,5.00,94.9900,7.2479,10.00,180.00
Central Government Market Watch,06.57 GS 2033 17 AUG,17/08/2033,5.00,7.1968,96.6425,96.7300,7.1801,5.00,96.6425,7.1968,5.00,175.00
Central Government Market Watch,07.25 GS 2063,12/06/2063,10.00,7.7964,93.4000,94.1500,7.7308,5.00,93.9900,7.7447,125.00,125.00
Central Government Market Watch,07.23 GS 2039,15/04/2039,10.00,7.4032,98.6000,98.9475,7.3599,10.00,99.0450,7.3477,20.00,120.00
Central Government Market Watch,08.60 GS 2028,02/06/2028,25.00,6.5932,103.0700,103.1200,6.5614,25.00,103.0500,6.6060,35.00,100.00
Central Government Market Watch,07.63 GS 2056,15/09/2056,5.00,7.7058,99.1100,99.3500,7.6851,50.00,99.2700,7.6920,15.00,95.00
Central Government Market Watch,No data available in table
Central Government Market Watch,No data available in table
Central Government Market Watch,No data available in table
Central Government Market Watch,No data available in table
Central Government Market Watch,No data available in table
Central Government Market Watch,No data available in table
State Government Market Watch,06.94 GS 2036,11/05/2036,5.00,7.2730,97.7200,97.7300,7.2716,10.00,97.7200,7.2730,5.00,24735.00
State Government Market Watch,07.06 GS 2041,27/07/2041,5.00,7.4839,96.2300,96.2600,7.4804,5.00,96.2300,7.4839,5.00,3365.00
State Government Market Watch,06.36 GS 2031,16/02/2031,5.00,6.9863,97.6725,97.6900,6.9815,5.00,97.6900,6.9815,20.00,1000.00
State Government Market Watch,06.10 GS 2031,12/07/2031,25.00,7.0378,96.2500,96.3600,7.0095,5.00,96.2500,7.0378,25.00,580.00
State Government Market Watch,GOI FRB 2028,04/10/2028,25.00,6.1965,100.6300,100.6500,6.1857,25.00,100.6500,6.1857,250.00,505.00
State Government Market Watch,06.90 GS 2065,15/04/2065,5.00,7.7832,89.2500,89.3400,7.7750,15.00,89.3000,7.7786,15.00,375.00
State Government Market Watch,07.26 GS 2032,22/08/2032,5.00,7.1833,100.3500,100.6500,7.1200,10.00,100.5800,7.1347,40.00,300.00
State Government Market Watch,06.68 GS 2040,07/07/2040,60.00,7.3926,93.9000,93.9900,7.3816,5.00,93.9500,7.3865,5.00,230.00
State Government Market Watch,06.54 GS 2032,17/01/2032,10.00,7.1207,97.4700,97.6025,7.0897,5.00,97.6000,7.0903,5.00,205.00
State Government Market Watch,06.48 GS 2035,06/10/2035,5.00,7.2542,94.9500,95.0400,7.2400,5.00,94.9900,7.2479,10.00,180.00
State Government Market Watch,06.57 GS 2033 17 AUG,17/08/2033,5.00,7.1968,96.6425,96.7300,7.1801,5.00,96.6425,7.1968,5.00,175.00
State Government Market Watch,07.25 GS 2063,12/06/2063,10.00,7.7964,93.4000,94.1500,7.7308,5.00,93.9900,7.7447,125.00,125.00
State Government Market Watch,07.23 GS 2039,15/04/2039,10.00,7.4032,98.6000,98.9475,7.3599,10.00,99.0450,7.3477,20.00,120.00
State Government Market Watch,08.60 GS 2028,02/06/2028,25.00,6.5932,103.0700,103.1200,6.5614,25.00,103.0500,6.6060,35.00,100.00
State Government Market Watch,07.63 GS 2056,15/09/2056,5.00,7.7058,99.1100,99.3500,7.6851,50.00,99.2700,7.6920,15.00,95.00
State Government Market Watch,07.28 AP SGS 2032,17/06/2032,0.00,0.0000,0.0000,0.0000,0.0000,0.00,98.0250,7.7118,50.00,250.00
State Government Market Watch,07.91 MH SGS 2039,08/04/2039,10.00,7.9996,99.3000,99.8050,7.9348,10.00,99.7000,7.9483,10.00,150.00
State Government Market Watch,07.42 BR SGS 2031,31/12/2031,0.00,0.0000,0.0000,0.0000,0.0000,0.00,99.2800,7.5854,20.00,120.00
State Government Market Watch,07.39 HR SGS 2031,10/05/2031,0.00,0.0000,0.0000,0.0000,0.0000,0.00,99.3000,7.5709,50.00,100.00
State Government Market Watch,06.84 GJ SGS 2031,19/11/2031,0.00,0.0000,0.0000,0.0000,0.0000,0.00,97.0900,7.5339,100.00,100.00
State Government Market Watch,07.11 AS SDL 2030,05/02/2030,0.00,0.0000,0.0000,0.0000,0.0000,0.00,98.7500,7.5371,90.00,90.00
State Government Market Watch,08.44 HR SDL 2034,06/03/2034,0.00,0.0000,0.0000,0.0000,0.0000,0.00,102.9500,7.9041,20.00,45.00
State Government Market Watch,06.87 UP SDL 2026,30/11/2026,0.00,0.0000,0.0000,0.0000,0.0000,0.00,100.1550,5.5970,45.00,45.00
State Government Market Watch,06.60 AS SDL 2030 23 DEC,23/12/2030,0.00,0.0000,0.0000,0.0000,0.0000,0.00,96.6300,7.5459,40.00,40.00
State Government Market Watch,08.39 UP SDL 2029,13/03/2029,0.00,0.0000,0.0000,0.0000,0.0000,0.00,102.3800,7.2983,30.00,35.00
State Government Market Watch,06.84 GJ SDL 2031 08 SEP,08/09/2031,0.00,0.0000,0.0000,97.2000,7.5300,20.00,97.2000,7.5300,5.00,30.00
State Government Market Watch,08.00 KA SDL 2028,17/01/2028,0.00,0.0000,0.0000,0.0000,0.0000,0.00,101.3250,6.8805,25.00,25.00
State Government Market Watch,07.97 AP SDL 2039,13/07/2039,0.00,0.0000,0.0000,0.0000,0.0000,0.00,100.6000,7.8921,5.00,20.00
State Government Market Watch,07.82 KA SDL 2027,27/12/2027,5.00,6.9345,101.0000,101.2000,6.7621,20.00,101.0625,6.8806,20.00,20.00
State Government Market Watch,07.79 AP SGS 2042,22/04/2042,5.00,7.9955,98.1850,98.5375,7.9551,5.00,98.5500,7.9536,5.00,15.00
State Government Market Watch,No data available in table
State Government Market Watch,No data available in table
State Government Market Watch,No data available in table
State Government Market Watch,No data available in table
State Government Market Watch,No data available in table
T-Bills Market Watch,06.94 GS 2036,11/05/2036,5.00,7.2730,97.7200,97.7300,7.2716,10.00,97.7200,7.2730,5.00,24735.00
T-Bills Market Watch,07.06 GS 2041,27/07/2041,5.00,7.4839,96.2300,96.2600,7.4804,5.00,96.2300,7.4839,5.00,3365.00
T-Bills Market Watch,06.36 GS 2031,16/02/2031,5.00,6.9863,97.6725,97.6900,6.9815,5.00,97.6900,6.9815,20.00,1000.00
T-Bills Market Watch,06.10 GS 2031,12/07/2031,25.00,7.0378,96.2500,96.3600,7.0095,5.00,96.2500,7.0378,25.00,580.00
T-Bills Market Watch,GOI FRB 2028,04/10/2028,25.00,6.1965,100.6300,100.6500,6.1857,25.00,100.6500,6.1857,250.00,505.00
T-Bills Market Watch,06.90 GS 2065,15/04/2065,5.00,7.7832,89.2500,89.3400,7.7750,15.00,89.3000,7.7786,15.00,375.00
T-Bills Market Watch,07.26 GS 2032,22/08/2032,5.00,7.1833,100.3500,100.6500,7.1200,10.00,100.5800,7.1347,40.00,300.00
T-Bills Market Watch,06.68 GS 2040,07/07/2040,60.00,7.3926,93.9000,93.9900,7.3816,5.00,93.9500,7.3865,5.00,230.00
T-Bills Market Watch,06.54 GS 2032,17/01/2032,10.00,7.1207,97.4700,97.6025,7.0897,5.00,97.6000,7.0903,5.00,205.00
T-Bills Market Watch,06.48 GS 2035,06/10/2035,5.00,7.2542,94.9500,95.0400,7.2400,5.00,94.9900,7.2479,10.00,180.00
T-Bills Market Watch,06.57 GS 2033 17 AUG,17/08/2033,5.00,7.1968,96.6425,96.7300,7.1801,5.00,96.6425,7.1968,5.00,175.00
T-Bills Market Watch,07.25 GS 2063,12/06/2063,10.00,7.7964,93.4000,94.1500,7.7308,5.00,93.9900,7.7447,125.00,125.00
T-Bills Market Watch,07.23 GS 2039,15/04/2039,10.00,7.4032,98.6000,98.9475,7.3599,10.00,99.0450,7.3477,20.00,120.00
T-Bills Market Watch,08.60 GS 2028,02/06/2028,25.00,6.5932,103.0700,103.1200,6.5614,25.00,103.0500,6.6060,35.00,100.00
T-Bills Market Watch,07.63 GS 2056,15/09/2056,5.00,7.7058,99.1100,99.3500,7.6851,50.00,99.2700,7.6920,15.00,95.00
T-Bills Market Watch,No data available in table
T-Bills Market Watch,182 DTB 11022027,11/02/2027,100.00,98.0688,5.7500,0.0000,0.0000,0.00,98.0688,5.7500,55.00,800.00
T-Bills Market Watch,182 DTB 08042027,08/04/2027,50.00,97.0756,6.0750,6.0601,97.0825,90.00,97.0825,6.0601,5.00,535.00
T-Bills Market Watch,364 DTB 07102027,07/10/2027,30.00,94.1304,6.2700,6.2600,94.1392,100.00,94.1392,6.2600,100.00,260.00
T-Bills Market Watch,091 DTB 15102026,15/10/2026,115.00,99.9143,5.2200,5.2000,99.9146,170.00,99.9143,5.2200,10.00,250.00
T-Bills Market Watch,364 DTB 07012027,07/01/2027,5.00,98.6620,5.5000,5.3700,98.6932,50.00,98.6620,5.5000,20.00,105.00
T-Bills Market Watch,364 DTB 10122026,10/12/2026,0.00,0.0000,0.0000,5.3001,99.1077,25.00,99.1078,5.3000,55.00,55.00
T-Bills Market Watch,364 DTB 15012027,15/01/2027,10.00,98.5291,5.5600,5.5300,98.5370,5.00,98.5370,5.5300,10.00,45.00
T-Bills Market Watch,364 DTB 03122026,03/12/2026,0.00,0.0000,0.0000,0.0000,0.0000,0.00,99.2121,5.2700,30.00,30.00
T-Bills Market Watch,182 DTB 12112026,12/11/2026,0.00,0.0000,0.0000,0.0000,0.0000,0.00,99.5133,5.2500,10.00,20.00
T-Bills Market Watch,364 DTB 25122026,25/12/2026,100.00,98.8778,5.3800,5.3281,98.8885,100.00,98.8886,5.3276,5.00,15.00
T-Bills Market Watch,091 DTB 29102026,29/10/2026,30.00,99.7170,5.1800,5.0000,99.7268,50.00,99.7170,5.1800,5.00,10.00
T-Bills Market Watch,091 DTB 17122026,17/12/2026,0.00,0.0000,0.0000,5.3000,99.0080,90.00,99.0080,5.3000,10.00,10.00
T-Bills Market Watch,364 DTB 11032027,11/03/2027,25.00,97.5546,5.9800,5.4600,97.7625,10.00,97.5267,6.0500,10.00,10.00
T-Bills Market Watch,364 DTB 26112026,26/11/2026,0.00,0.0000,0.0000,0.0000,0.0000,0.00,99.3143,5.2500,5.00,5.00
T-Bills Market Watch,364 DTB 06112026,06/11/2026,60.00,99.5913,5.3500,0.0000,0.0000,0.00,0.0000,0.0000,0.00,0.00
T-Bills Market Watch,No data available in table
T-Bills Market Watch,No data available in table
T-Bills Market Watch,No data available in table
T-Bills Market Watch,No data available in table